"X1","X2","y"
0.8270820163163046,0.6578305776448212,3
0.05080598329052144,0.47843258389168364,2
0.44442702707992177,0.8057321769708432,3
0.9522835248422241,0.6685057869795765,3
0.4065968076035482,0.4454818583631146,2
0.3219438169341513,0.20480526348087214,2
0.9245472967104078,0.44968755520967907,2
0.04365067352298513,0.33649408904588274,2
0.0782647496159159,0.40883231230422057,2
0.4828612210479928,0.554909507246703,3
0.23931215852399434,0.673039534373967,3
0.37859459411898877,0.9524182345826766,3
0.7992335769471157,0.30529910596071286,2
0.9860292757112195,0.88338385723262,3
0.14894520025959168,0.06789496084102598,2
0.9489160527504414,0.8795030194110014,3
0.08768653828983752,0.8060069411429991,3
0.14175301759070158,0.8752668253183558,3
0.4454002322852002,0.9694173108585267,3
0.44160661125071976,0.6658808232061362,3
0.25376499340322933,0.8887723451169789,3
0.6250526736708806,0.9174597638567692,3
0.9976945459420166,0.7426357157997878,3
0.35870467953508034,0.1483717765010799,2
0.9625871021333507,0.5374003987479843,3
0.34182123505205664,0.8007219282602589,3
0.18510150293564887,0.5487157219540797,2
0.37347920664431933,0.06859951999978597,1
0.26747386472881707,0.381874289156503,2
0.38604237608861136,0.8361959966971686,3
0.23199332039922838,0.4629044860420448,2
0.6503251274174435,0.925237446321119,3
0.08783422829117105,0.7415935122540163,3
0.9611323282832589,0.8192889891203983,3
0.6294791989635329,0.40039371672515434,2
0.29547322353345296,0.2831886940382009,2
0.4671574872089419,0.9004741745319897,3
0.3282974962181373,0.1008486565092741,2
0.23350212237221535,0.44488008741799967,2
0.9734872908416718,0.8506460777209146,3
0.3211338963377748,0.5578715725938583,2
0.24637560976279071,0.037216692756110836,2
0.3517182707506814,0.7995307307115227,3
0.3113778231569073,0.9927198416905489,3
0.16958020247600358,0.7133164107254266,3
0.861289025803234,0.8010337163705139,3
0.37237489757231534,0.14154200041308185,2
0.47854279859462423,0.7066643931620924,3
0.5904942553307531,0.26249150825010026,2
0.626890891311298,0.5618732581702217,3
0.4728392114049096,0.12655033783819736,1
0.21495658611220048,0.18895820542581565,2
0.9150295043157224,0.5078346102159184,2
0.72664720055666,0.3413618030104624,2
0.4583913462704867,0.39117761965551723,2
0.0029606188209352347,0.06897877732453406,2
0.37418634120522354,0.19927307218624168,2
0.7212990205524616,0.9766631518604179,3
0.09688560081118625,0.42608622854369216,2
0.19091321425031027,0.6770160466231638,3
0.8919157714442985,0.7950018388536368,3
0.7047768263794405,0.5928463016262451,3
0.746021368793067,0.23736365924860992,1
0.03223330752701248,0.6976345018123933,3
0.33699598336937897,0.4739644384508499,2
0.5096500936709234,0.012466479288151477,1
0.49100555588950257,0.448729274102198,2
0.5004814702878286,0.7537909228023023,3
0.010074026385570756,0.0012764552340174262,2
0.01588632574735538,0.18208186482283573,2
0.24143454809038167,0.69590607661594,3
0.19297444243830686,0.4436080924296215,2
0.45859933977484135,0.7856783077363614,3
0.632529098389883,0.00363025500511438,1
0.6479529681729832,0.9543291719051099,3
0.14124634044710338,0.8491684190495594,3
0.8119765171680773,0.5488143661498917,3
0.9004237843929648,0.8082702095574188,3
0.36189078877883385,0.9522203624410492,3
0.6964689411511025,0.0787319582115722,1
0.5588148739222849,0.1288809771020758,1
0.4043161265763895,0.04892144359273232,1
0.7968360374212784,0.9531972884004785,3
0.31632447384688755,0.7389888375936291,3
0.28966531359837,0.24682875449229202,2
0.9451725663569119,0.06433942264442205,1
0.6204192926526728,0.07271466662945203,1
0.031913376132834514,0.7944232626124383,3
0.8386301409343673,0.34054463606658203,2
0.2272121442912769,0.25524376787131775,2
0.7969882317563268,0.3920930527112112,2
0.963472700186393,0.12458576909474584,1
0.8722314898774732,0.1747529959636862,1
0.056392007133021727,0.25753083153368483,2
0.3660679203269481,0.24616882010552965,2
0.21996210909844205,0.2471102970618253,2
0.32518069322024523,0.1547952955147347,2
0.8471371932341318,0.9515004503667495,3
0.5014131291656525,0.8603833162005632,3
0.5931585743263998,0.7490046328261148,3
0.15327810545413434,0.5688137218962104,2
0.2784455347653243,0.6331054085685051,3
0.15702692855232026,0.7554777319630801,3
0.8214355912516778,0.7787600610640162,3
0.0318505457387106,0.990909448791647,3
0.5150237866703085,0.15561955938478045,1
0.22504841021088007,0.2131834570505977,2
0.776479874827227,0.7664019531797099,3
0.6073735555028485,0.5390902340783346,2
0.4372159440286585,0.25057025640713415,2
0.7304263015670074,0.6669810666993414,3
0.3045910658296247,0.34033659481002076,2
0.6384236778429675,0.5054448282740003,2
0.4227852068500706,0.4002487078534911,2
0.6559618531160873,0.2920696520083115,2
0.7582767994727242,0.8077481346210638,3
0.05693217531280781,0.3849254690534114,2
0.3396600893394779,0.4116448081917743,2
0.14113941228258042,0.09104419719749401,2
0.9088001704031188,0.7051591477173116,3
0.4857667322724257,0.5786301420895039,3
0.8645824383134793,0.22283101980215148,1
0.5129674395827524,0.925379540144784,3
0.9467664678093346,0.7394905828748066,3
0.6768646960763309,0.7117474465198415,3
0.4769843776867144,0.5696941749474564,3
0.9907898841887275,0.27359471541103875,1
0.38735993556539916,0.9410505982142903,3
0.9097320176744466,0.9797449631091115,3
0.0643970431581824,0.3179160437702184,2
0.29944772400179565,0.3720201558752445,2
0.46595425473681806,0.046858510577544976,1
0.19117670432661815,0.9398909670932138,3
0.29825617736727517,0.37574798285754296,2
0.00791021409184256,0.6353875426198983,3
0.09740961399887138,0.8970243378863765,3
0.2777368128102191,0.2595007913478571,2
0.24856231368489534,0.9223545370844093,3
0.4230498359167094,0.6110344277706998,3
0.7201426079555255,0.5895868135503521,3
0.05636975848276826,0.14896669444468658,2
0.14651077068438267,0.7482488568375059,3
0.04702233754891627,0.18088629142471446,2
0.6629405685931491,0.5348584437912234,3
0.7073849487719495,0.19465285684135103,1
0.38814731418858894,0.2724955088997063,2
0.13067143868187747,0.9037979738615916,3
0.13791606857446426,0.5184980508934278,2
0.994695987316526,0.03082014557977364,1
0.32984237353341794,0.31636992524369645,2
0.4555634339896155,0.1505564950319891,2
0.4485797421355209,0.811020531678647,3
0.5914067420891582,0.9630224320309351,3
0.06236282851655606,0.8985571783208324,3
0.08856347456800195,0.22468315522576088,2
0.4031744503935659,0.7501757499627206,3
0.1282134850945682,0.45536885491413504,2
0.7956093742767807,0.6030421642482198,3
0.6460931277117627,0.5006021343085545,2
0.40980236839284,0.9970573248374301,3
0.7802621243244268,0.831768628780243,3
0.01677395404011972,0.19104213016959792,2
0.5368274313280794,0.9005620130118532,3
0.21659590382092087,0.65422878985093,3
0.09215303843488054,0.9718994171599835,3
0.5007458337098665,0.02080875894023393,1
0.20414974547063314,0.31386778243516256,2
0.6230778529003618,0.6051759784274575,3
0.10514005307003593,0.8328548336065658,3
0.8192019610239956,0.458588911688677,2
0.9328674971175541,0.8511474347071473,3
0.5853240336028562,0.35700072347173006,2
0.34235629985667515,0.6020339628865115,3
0.3452109271792927,0.6797739673881746,3
0.6478762447644115,0.02175583474822229,1
0.038412580857625445,0.3254536137726902,2
0.3417297756279467,0.1377496859243188,2
0.7675969951428825,0.9335335119260202,3
0.5547092774072564,0.7056395630781949,3
0.6646199910641948,0.851406894061346,3
0.7563654835672646,0.7901573838370721,3
0.7833984199607444,0.4364905796904728,2
0.4014296813769809,0.7306005101737827,3
0.34065096260124395,0.30242709013195723,2
0.08285086252304286,0.5317887391356588,2
0.4618504382180577,0.7266942889918662,3
0.11155012132911923,0.26940352041960236,2
0.2771920558882195,0.3643396047426095,2
0.47813106628130186,0.9883387566496324,3
0.6839785019372917,0.4196984072923926,2
0.14197698009056348,0.46263913907318077,2
0.5138211385394185,0.8037009300576607,3
0.42601094748001667,0.041250699295004356,1
0.29154513803279425,0.9633307384129053,3
0.49255439952627733,0.059456329252197904,1
0.21049415537091054,0.5833617256287598,3
0.06956410941136926,0.06611278620992089,2
0.503678914945773,0.31622476921622034,2
0.16648444916285632,0.15211938216579313,2
0.11144696815606014,0.20305227002726167,2
0.20407058547200552,0.328518331177605,2
0.3951771514197049,0.15135069592893013,2
0.7422569650849433,0.5049365934181838,2
0.4636044607379659,0.061661300165245514,1
0.7915260282532657,0.2686035143210288,1
0.03829550359100686,0.5620115552713019,2
0.837789708676524,0.17257088585732627,1
0.4152479803957787,0.5408754310235948,2
0.3690473412514559,0.803495554194511,3
0.8123963464158881,0.024551941763115037,1
0.5253754108016333,0.1590486076616846,1
0.4956205026923768,0.4023261758176535,2
0.24077967718145366,0.8713289016905994,3
0.4247717935113595,0.10351735535866124,1
0.021438215819289175,0.5089029759669277,2
0.5058889116100784,0.045184466593944705,1
0.8352294662230828,0.275684182392399,1
0.415257878452457,0.8741651516314366,3
0.31740597909765667,0.5746402149634833,3
0.4524578776108774,0.0757135765535919,1
0.46826163493627315,0.6250020829808451,3
0.8288524381426621,0.9090675448196692,3
0.5213414053421446,0.7141294477055837,3
0.7411757723366985,0.39560527275090696,2
0.7165653280779061,0.34600411251717134,2
0.056447929598470115,0.8247128718486234,3
0.5694273396817957,0.734295008996301,3
0.3676323292831565,0.5654623381691954,3
0.6763255842078826,0.6489333473014463,3
0.5475232216777965,0.9267326190320659,3
0.7218536749773805,0.049789841239037846,1
0.5581190464857673,0.7048937245223648,3
0.9336915076434527,0.35303906337587576,1
0.4361735094521155,0.8151035506125484,3
0.300930741196654,0.513229769709866,2
0.6178797327784948,0.40030169246632874,2
0.004259722719496262,0.1314630813506803,2
0.4345389704348641,0.953557958734476,3
0.6722608618117356,0.9423669328094115,3
0.13453292170477527,0.4039928272177933,2
0.48642146192731306,0.840821361990399,3
0.8404098536730065,0.9827501229260958,3
0.5944647197009765,0.2180763110719519,2
0.6803223685372759,0.7451699008657224,3
0.43453255572902627,0.4391978318357783,2
0.42739320626300903,0.17282616039713616,2
0.9978905547533359,0.45065188161825054,2
0.9939554071917929,0.4064258608164555,2
0.07089714924410018,0.9843817758116185,3
0.05893544892240499,0.9764099730531641,3
0.4402901043601479,0.5430262663503116,2
0.7163161467829489,0.02783392794956474,1
0.279269804029296,0.22985948420405755,2
0.9599356843350713,0.378160617146877,1
0.39125635490225474,0.61646142978828,3
0.6974224788936811,0.4179793348905201,2
0.960509574662205,0.45256535650159035,2
0.9022705954152273,0.07413681108586823,1
0.5236543407422318,0.8146739602084156,3
0.9300172997367018,0.8299447477523871,3
0.8524669524427742,0.7901860328205406,3
0.14906855442324352,0.9177227264645964,3
0.9404293189223711,0.8437460077619248,3
0.6933440987661588,0.23335928292753794,1
0.6548462957689292,0.09030895211393597,1
0.9600261992051609,0.5321991848241385,3
0.3786170449873505,0.48303231485572096,2
0.656666545393098,0.31768627995749,2
0.6606760705660912,0.5501672973722496,3
0.5032142160434674,0.21819808021362652,2
0.02427604349846879,0.627786893420013,3
0.35667832289062584,0.16802321568814516,2
0.2764552792882866,0.6533723305135422,3
0.6905211136313798,0.023081603922573857,1
0.20812307545516884,0.0789017635882312,2
0.6326703407351588,0.9459064592628725,3
0.8787694171461415,0.9242696609214356,3
0.319283275706,0.8571913528433368,3
0.6575078365903846,0.29131871247160324,2
0.5195598026892321,0.7348505230130629,3
0.08277960151422281,0.26745958309897455,2
0.7487809023451761,0.31264618470460737,2
0.4413866668914217,0.3527927574915808,2
0.8258150763924497,0.5448029297278274,3
0.1761491209437429,0.489463850546731,2
0.6408472435209962,0.9586542358552717,3
0.006882761749829269,0.3976284373022081,2
0.883288260901425,0.6136127727293963,3
0.06547729297274762,0.9391556544675803,3
0.10748699464457445,0.21616267850342163,2
0.8601345614520537,0.848048156603842,3
0.5892399065302778,0.47097877017026235,2
0.3617065537930042,0.5118795034633923,2
0.01139583472140937,0.9859789640617238,3
0.38969586077846796,0.5661581877096462,3
0.86891594896497,0.8299900488244851,3
0.5913780390563248,0.5107293281824361,2
0.43426845841728845,0.29982216002166484,2
0.18876320599807017,0.055269470979429025,2
0.9903875670883575,0.6359777676902625,3
0.5939333451802578,0.05388424783000079,1
0.9082423547675156,0.2199382680227835,1
0.4932813802955549,0.8257901829650129,3
0.5367478658659999,0.9968304509881056,3
0.7139333392281926,0.7348369502203427,3
0.7529979253548591,0.8789113440116718,3
0.5833033000396266,0.9522956892147771,3
0.06145136976818999,0.7686162113532613,3
0.08827519945759565,0.44926645935214604,2
0.01630001602158737,0.09560015766131214,2
0.18858108830820863,0.572076819691177,2
0.5901830543657787,0.43760336679812295,2
0.4269635720978786,0.9931263436235613,3
0.530492050704003,0.7941857452740355,3
0.7987897696176107,0.13525379954838446,1
0.21296667337219444,0.26009538719794767,2
0.5103386462334394,0.3975064383415632,2
0.6713570633038233,0.25126516732592563,2
0.10592472161400135,0.8755064000293562,3
0.3832869231024676,0.041344955470334455,1
0.4525869368299289,0.4490406650519896,2
0.7310910817335312,0.29012946193690836,2
0.6322743901754717,0.43500070709358396,2
0.7634191869658917,0.7997504485221125,3
0.07102807689412205,0.39426074282516055,2
0.3341051402221462,0.05864883853830016,1
0.9385432807320322,0.06552816366301473,1
0.45955108663737665,0.005774930343348528,1
0.1695480604494235,0.5920212062778021,3
0.2747148883022148,0.9949626433739667,3
0.7968730685469971,0.677166109243029,3
0.39152622042423557,0.5959686647728779,3
0.5504715442519161,0.7284533166558509,3
0.06823338374739518,0.8857356599384718,3
0.5492845293710091,0.6205481211653017,3
0.7997082333813803,0.39323190456658463,2
0.25476595349005793,0.133917361893775,2
0.011138394781640581,0.3195926710143189,2
0.4095425106773505,0.5897849137478324,3
0.12289590960481744,0.9609096723289017,3
0.4625153010112879,0.36253839976033087,2
0.5545325437336113,0.1486516230531969,1
0.6247665449788087,0.9838221010940356,3
0.942644023106961,0.2102087701616937,1
0.1888723501501739,0.2350438214412387,2
0.22222015955862973,0.26162566807168464,2
0.32751925043405294,0.5826964302834885,3
0.5631066529125075,0.10102720198450332,1
0.879661370407333,0.5155812403665052,3
0.711875123329407,0.6578090166840516,3
0.9453333861244086,0.4397898220893266,2
0.25638626585343016,0.09320697764236363,2
0.9631516235915787,0.21516333805034327,1
0.9771326647306846,0.866774447620096,3
0.4209278764493729,0.7323227694823458,3
0.508361914664494,0.6373029364970368,3
0.8315877641176126,0.3855297984420103,2
0.22221365054367426,0.4956022869402139,2
0.3004159179164738,0.37201729690288743,2
0.0517209137778647,0.7344819821681863,3
0.020736660346919455,0.09455812414267206,2
0.23667319077679494,0.348016888549457,2
0.9977430202827167,0.015512869073011748,1
0.9147160482149506,0.5802857472264553,3
0.42509728982567196,0.7130151990700773,3
0.017250942207460485,0.9474376690563933,3
0.3224732902204852,0.5289574651686355,2
0.23893951276594838,0.5684304954068844,2
0.635151004228979,0.08127770042242899,1
0.7755863765435775,0.38954040445182425,2
0.3000477660336891,0.007903910732790953,1
0.5456720298217173,0.5647354066193471,3
0.2650049901522127,0.7690452144480466,3
0.6981566088104707,0.30357410342726676,2
0.34942267531035043,0.3102027100493536,2
0.181954035456801,0.3926347320810841,2
0.4330695333037855,0.18892802516396556,2
0.4694706902900041,0.6863971885180831,3
0.912274971979169,0.9273857980833349,3
0.2507530400183968,0.8541339402214025,3
0.5198408415463573,0.08025265894795175,1
0.8972003364456409,0.9984175861389686,3
0.8537577243311099,0.18939691216258958,1
0.4456177085804207,0.8041922737462619,3
0.8205325472325613,0.06649656116816693,1
0.6248701036613564,0.2298785081026571,2
0.4671739417405494,0.5686799698247593,3
0.5664990828546173,0.5836803870751928,3
0.8930911243387176,0.24560881124371226,1
0.8311754730863918,0.9665155539542454,3
0.07616946088450072,0.4471860918755728,2
0.3130501098364249,0.35766377729214316,2
0.8326311804065369,0.6875317787258413,3
0.373056090062855,0.9888215945506447,3
0.359661312163992,0.36594131335993674,2
0.6930653475509341,0.4309279834127968,2
0.5510691033913939,0.1798509049288901,2
0.14015952963038725,0.675198894689482,3
0.6215376232667096,0.6118991844469792,3
0.7464926105344087,0.27224019972852576,1
0.7254267557505509,0.767017581750189,3
0.5423800690654241,0.8003362375629706,3
0.6043390826563679,0.09545675992262725,1
0.3394863550698892,0.9455111023411678,3
0.7380151412276104,0.3879592854276923,2
0.6901476094413819,0.9754657538259923,3
0.596656968944544,0.22722066735713464,2
0.6532809338351726,0.5819597555686387,3
0.7917010062555532,0.3821787641844099,2
0.4240336611061799,0.1583907695029032,2
0.9054972330586712,0.06759607676197965,1
0.5658142668606605,0.3486348435430717,2
0.09581127931405842,0.0464259803863023,2
0.9199212983069918,0.2853122211585537,1
0.2878766643837418,0.1668923504909825,2
0.009078777657906434,0.5315034601689386,2
0.9802802421926113,0.39091791418329636,2
0.7183266611111971,0.7324398151044578,3
0.6295299622609078,0.09816321405914663,1
0.17627835066514863,0.8036997962794479,3
0.634153126937917,0.01176108675057197,1
0.6862298645845144,0.8831601811460712,3
0.5710583849583242,0.43061718448512853,2
0.7785011826373565,0.8326028237642351,3
0.6197435498549353,0.7613662250261739,3
0.3452290421896529,0.2456316051511367,2
0.4887521352120716,0.6013636600676979,3
0.18021633359573297,0.5584272431481014,2
0.10202114173998278,0.5224498469672012,2
0.7721528431392195,0.6590602614731742,3
0.20002120877320229,0.9514194913265186,3
0.8552277615646104,0.5445614916332444,3
0.33303458974774713,0.9676291032648459,3
0.22592981297598191,0.22718954682065373,2
0.2885909685280552,0.04901220647589799,2
0.8057835457105786,0.8810449672466341,3
0.43299204508894196,0.20567077387042687,2
0.706505364845049,0.5462099863041032,3
0.31637491611481394,0.2287692836330779,2
0.7133872879524987,0.6316091233200505,3
0.8741976506380209,0.3565239797395472,2
0.22029715247212267,0.28345893982511616,2
0.714887112620678,0.956029368491552,3
0.3228612400663593,0.3550849951201762,2
0.06003964850708288,0.7366887111740645,3
0.8902156117679441,0.5101811603340638,2
0.39037804808266796,0.4983902713015409,2
0.6519383894427244,0.5937015135342831,3
0.009233340182422278,0.13993605921397023,2
0.07822071170933698,0.6159414622023112,3
0.9226243500891937,0.5990995506415413,3
0.3705075734502927,0.3175673865777313,2
0.48249501720337884,0.34537536271753955,2
0.361230938651665,0.5861168717752439,3
0.42662699691362227,0.38338113247391736,2
0.2525542433853116,0.7990135963192022,3
0.19532361343184346,0.1513582535418081,2
0.6993418302708585,0.5586162774895003,3
0.1919419642838316,0.7501001786967207,3
0.26699963451570574,0.10833754115771521,2
0.33439712684735756,0.2931009531299822,2
0.8603436088479837,0.8123017775284718,3
0.8833700819336847,0.09535216544589264,1
0.44507627179183773,0.963338328385213,3
0.3938052033544268,0.6009017794572273,3
0.7726148466414462,0.089390456844201,1
0.25115162614880804,0.8969443730987756,3
0.18688082243030335,0.8641168315295595,3
0.776357809858297,0.8520562091512276,3
0.6999676204981793,0.9190133995195124,3
0.6661333721046205,0.3216166447375812,2
0.6918165723055885,0.9766131541047567,3
0.3169065748284352,0.3685290258293985,2
0.22944182772622423,0.749184929541427,3
0.0944333104613122,0.09484680658759337,2
0.8348909750966094,0.635125806710449,3
0.9077055629772643,0.0204762865300403,1
0.8603215337219992,0.9318354622731233,3
0.05717697563386026,0.9221192088967514,3
0.03988824850861117,0.9811505714983413,3
0.22718528009754135,0.4318412655214323,2
0.4728371110931895,0.8770581633122716,3
0.8097310939472278,0.2964403523153618,1
0.4269989126760516,0.5362788116943955,2
0.4423578422713583,0.31537274998839004,2
0.9047612897450525,0.15016782565745257,1
0.5721131149430918,0.00900425905466773,1
0.6169417658252099,0.33506749733603436,2
0.8078246490650198,0.3742681047760483,2
0.24007931704977148,0.4763882145354157,2
0.5326057111680651,0.5608081336708963,3
0.8056094522586972,0.2107510631366214,1
0.48266084397733744,0.35142262861796625,2
0.024871634463872194,0.012236743497163305,2
0.2675349831822904,0.7449439887177447,3
0.5956789469366301,0.8813599863149744,3
0.38463811911157975,0.7992818294910529,3
0.8013835223320525,0.06832964616521786,1
0.9128473654031026,0.349541118554362,1
0.5952472663289927,0.9113905375541691,3
0.4839182051578339,0.14908206182283812,2
0.2453844238645837,0.5334817635633706,2
0.033752248347429736,0.21238853603702745,2
0.13273227170669677,0.9120522780163409,3
0.24048643389342028,0.17056546618109647,2
0.45331409533901934,0.04631629892227096,1
0.9306568399269426,0.7862208092949579,3
0.4907120753973011,0.034337809747859493,1
0.6070537749195608,0.23941175889271427,2
0.15457643803091026,0.7350767943405374,3
0.5998198370930647,0.9488401792099483,3
0.35185826930114206,0.4654516006597913,2
0.5030554190732928,0.5647842581569158,3
0.04760938611359555,0.2336631690894757,2
0.7204859748630517,0.11412726264315398,1
0.06229872656044555,0.07874950806481884,2
0.33023061060529635,0.9418018791578036,3
0.5153246139524004,0.2461233094756201,2
0.2974525268985926,0.30679909454809606,2
0.16250312674654577,0.4239735931826141,2
0.040485524189777466,0.8456847262007066,3
0.8149066773494329,0.4674863600551269,2
0.6713455138543467,0.40525319595396203,2
0.9145416273574642,0.16246775166398497,1
0.06191596481489192,0.2734664505805888,2
0.5120029735896259,0.1282109471600763,1
0.8709863370474957,0.9798830358389017,3
0.10036684321706435,0.4178148510463615,2
0.8589902393438709,0.11983921338759806,1
0.956410581990703,0.4139015078810919,2
0.598702956217839,0.5928110143865635,3
0.1457786452736065,0.10584408639719212,2
0.9971595639098503,0.6734032123063034,3
0.6451342266296121,0.012491499907796744,1
0.943942096163578,0.49001957611238645,2
0.41729860219921777,0.2866362925209407,2
0.11045565540429303,0.8172690461118846,3
0.4305812758642946,0.22173601064788384,2
0.6063817507387474,0.7722589172034442,3
0.6003269308963886,0.6869098083624621,3
0.5909206001973992,0.36492347667471003,2
0.13121782290826478,0.9472421065595216,3
0.2872239576529203,0.9711685448798375,3
0.8738917314600625,0.842694497603915,3
0.800808017955891,0.4747916256771956,2
0.3209623513519231,0.4541456856087014,2
0.11139673142717532,0.8740540287950405,3
0.1554392897909631,0.6905869237284574,3
0.286786570652112,0.475366530389878,2
0.086267837015787,0.7445579816732726,3
0.8464997980742108,0.830216702673424,3
0.6468049321117026,0.5422353986716724,3
0.47055473839324913,0.33027204655767695,2
0.5351308116992846,0.13948244502941898,1
0.34816725376669777,0.34286737694288916,2
0.38320893871160466,0.49370539213150555,2
0.8936250488730237,0.8311500934279241,3
0.9843604355012727,0.6311626695718426,3
0.5081975755917119,0.04963945614195042,1
0.9637583246563042,0.046823000050978614,1
0.6084747392648153,0.7333010855912117,3
0.08790214406666008,0.7001492017683875,3
0.2786828266655055,0.08474409051670051,2
0.6084249044946306,0.3208261114038693,2
0.49681195210631457,0.9581352172961355,3
0.4128133915046892,0.5587809590604029,3
0.9329428288657193,0.0462991276606608,1
0.7632484932048549,0.2790719442315992,1
0.7449520898168889,0.7307265888948367,3
0.6126461441072897,0.4138647727681637,2
0.750178733007798,0.12171092578377918,1
0.4283136277503452,0.04117640896647612,1
0.09858482057742579,0.833355736130396,3
0.5750160704983942,0.49634764618887006,2
0.2557783630742745,0.7069628752701984,3
0.9724366758370926,0.8470547991059751,3
0.6973184434560082,0.5230350920418705,2
0.1041948487659412,0.8906451121263073,3
0.8944484002592779,0.5051085344397406,2
0.9897346596139585,0.8143545783309674,3
0.6433664344175722,0.38696255680790936,2
0.6799199411934986,0.35258287215952366,2
0.3405314844926679,0.07235287025490367,2
0.3556151385783286,0.2461904832442421,2
0.5042939240121431,0.5937442693429855,3
0.6980611268971713,0.3503566013280277,2
0.8562634394329773,0.2436274567279959,1
0.7733710655688071,0.6281227053293279,3
0.02087155148113906,0.9411420595134423,3
0.23930322029120976,0.48456512791377526,2
0.37236652106835666,0.3633536430332138,2
0.33937797542318404,0.13700244678520979,2
0.2505052551693512,0.8173972625897648,3
0.07993873735508639,0.8126782172711173,3
0.4830298293458388,0.24084908323011645,2
0.34593211169511684,0.6454237242291871,3
0.5497405564739752,0.8720869541313694,3
0.08849066091363156,0.9910259793199463,3
0.7886728898445734,0.3744571489466719,2
0.08120782201232823,0.5738497297707443,2
0.4164713284273698,0.13278021036735943,2
0.482612489078023,0.5741727470372135,3
0.8178737520578332,0.018851692665560194,1
0.3662619825174718,0.7991173177827735,3
0.7260372792895682,0.6717784716043038,3
0.9514387366511088,0.9037905554644343,3
0.8544393481631569,0.21756907728240038,1
0.7012510173878592,0.8550093373279057,3
0.7579317715976888,0.7497502426542366,3
0.7689247562045376,0.1821512295405734,1
0.1706494529510536,0.8456359016508534,3
0.9753011529950824,0.43857264515488836,2
0.5063772081171463,0.28963033811830097,2
0.9353329227216907,0.24318525520785705,1
0.5773640603152359,0.3006635217337241,2
0.42695464357653123,0.5027283804822984,2
0.2746025716549545,0.4242486578987408,2
0.5833431965833373,0.2939399639951974,2
0.8585089710409128,0.274368318905684,1
0.2791757195262925,0.9815996269777039,3
0.27158043119742037,0.19978326801841484,2
0.00022066552802346706,0.4060186439514306,2
0.763667337942582,0.6656099359969114,3
0.6133132898573177,0.5053341666765647,2
0.24360503347601759,0.36188945790764726,2
0.918355712988332,0.6031788130862119,3
0.4720872193427086,0.8259001313726322,3
0.298168604940956,0.22322142059336136,2
0.26092539973146023,0.1783098056036201,2
0.3288381380825054,0.7972268884929721,3
0.11470083007802989,0.851043904228806,3
0.8023480965705769,0.6941356624565405,3
0.3953344437760997,0.17756455264361137,2
0.07314664383148028,0.22768628736265084,2
0.78384026544847,0.205519653837823,1
0.48443438791837257,0.10944814049539975,1
0.3349096536535512,0.7540439124022125,3
0.794862549832724,0.22283359038649175,1
0.20519595580310424,0.9417054342190694,3
0.8384408064616622,0.34952995208969684,2
0.5082352566905792,0.3230988499486074,2
0.9469748999075682,0.6393654484562514,3
0.584790908282655,0.16234831913733827,1
0.8937714121257281,0.9993747163308351,3
0.43408868592011896,0.8740636081633391,3
0.9664818887917228,0.3432321246075065,1
0.9860219585449606,0.33116302891625393,1
0.6370128138656272,0.3490115524398212,2
0.3270318563517285,0.4395810268641853,2
0.9243615956051412,0.6962020034437957,3
0.15275843644891607,0.5666477270087988,2
0.5032627724601098,0.20781845765118412,2
0.6332198568361538,0.24085461886851256,2
0.9136078756010146,0.5733833096999394,3
0.9856480401341876,0.15728711223547354,1
0.4018426321985158,0.9518809260531551,3
0.29563728040364823,0.7200208123213572,3
0.03104518665601308,0.22082500090541113,2
0.04530842597416718,0.18474450935396525,2
0.25147821622521516,0.38435872407623584,2
0.07913520787771189,0.1971195790300495,2
0.39036305703808916,0.13358341715992195,2
0.4812469080726003,0.605636044119142,3
0.95674601748329,0.477656332022647,2
0.5470036484351712,0.48732798511285647,2
0.6689408659823943,0.9181870473201912,3
0.28436030010870605,0.5455679559067395,2
0.39578334590667263,0.6451568512768608,3
0.6160476079890882,0.8688878448089052,3
0.516926005222831,0.7293293183162333,3
0.4180650923460796,0.862007190245325,3
0.08888852645214818,0.7229809379556988,3
0.7536639334877844,0.6555888340943514,3
0.7816664647010854,0.40103155850382466,2
0.4795882840198662,0.37124346946879605,2
0.6210596579738643,0.8517676954211049,3
0.5171015104619723,0.37814816707516585,2
0.5824645402416591,0.7824230238106975,3
0.9828353760637536,0.5463634569014069,3
0.4037725326625272,0.8290225223067702,3
0.9556044220443214,0.6158874732135802,3
0.49371530870730607,0.5848839021229901,3
0.46079555702807196,0.09546949814029948,1
0.9295604270599307,0.20589404864220318,1
0.49455953357833526,0.3073661166440791,2
0.029674454231545022,0.22556043823958016,2
0.3875576112084673,0.559719716718027,2
0.4874881141483698,0.2847092030042857,2
0.737141798567432,0.8151007420488945,3
0.6531190696958993,0.7317167839859171,3
0.8204355382796253,0.6466354659828242,3
0.48017360033788004,0.42418699999127374,2
0.7146906103576574,0.3033960567861751,2
0.6440091477749497,0.16502149216578066,1
0.05310898468229319,0.4188706532771891,2
0.32185679539938605,0.6773900182343131,3
0.7254850896159537,0.7469289891188775,3
0.2613011466983488,0.3822635604900362,2
0.39715214320579784,0.7378346151543904,3
0.7658994464845412,0.6279440916979397,3
0.029132108507032406,0.9024289620800643,3
0.6530264269902983,0.9762652674159291,3
0.9415462278678997,0.2984201801024786,1
0.09511312056147636,0.033969009832474084,2
0.19112977544673893,0.5516684986849247,2
0.6937274134317197,0.05270634214622083,1
0.01700963107660125,0.2194719013021753,2
0.13826262597855665,0.7994348543986984,3
0.4843874572564757,0.8543539022933093,3
0.10255082018585471,0.9488152794377478,3
0.13513871687106982,0.9743898274173644,3
0.37348210614043564,0.599105042628866,3
0.03287836769368613,0.5477909924615298,2
0.8974538998696946,0.21682932903000296,1
0.9248474375026681,0.9018263515184606,3
0.2547378617353082,0.663740008986905,3
0.03142932087675643,0.9803291906300773,3
0.2189193094511359,0.8982295490748078,3
0.9474225975494115,0.6844930489060868,3
0.7205568160005966,0.6128823043049745,3
0.35775104635147903,0.16795444496767953,2
0.5052125849691302,0.4234134921015136,2
0.7303643822744292,0.5904189831658164,3
0.9139379768457476,0.5032941701574867,2
0.637879352916993,0.2333604796238853,2
0.4436469154932807,0.9036670367142663,3
0.46310801658110257,0.48199039617923134,2
0.3110042310867076,0.9698922550973925,3
0.7971656497826722,0.40415284943905605,2
0.5219798609572117,0.7512477023038673,3
0.28922281050217413,0.4444974755049833,2
0.7351092059398923,0.866028005026118,3
0.8041723870396389,0.2015023155405491,1
0.11864246178562698,0.7135101167288358,3
0.56863356963302,0.5259227319281647,2
0.5617906542523303,0.8673514160127871,3
0.23293374146020618,0.031109110341810853,2
0.5429549779821519,0.7559773515889694,3
0.875697189369915,0.5529443883411633,3
0.34945479840899374,0.007188969754724495,1
0.9541341020770417,0.8265989422381508,3
0.47671988978301316,0.8561939378270524,3
0.12848047943545216,0.165844208457693,2
0.1610773086868622,0.8890354859411569,3
0.8718860670690705,0.41102813631925317,2
0.3155481859323048,0.03806923229693959,1
0.41729684558780655,0.6181080417998874,3
0.3774753225292018,0.989006307653733,3
0.9973936488171873,0.047015663707415056,1
0.7784076791031476,0.7465892129005804,3
0.31638971149266326,0.4662720273654588,2
0.8393683833669532,0.14393478823727213,1
0.9991284652706123,0.16597748616841113,1
0.3774907238005307,0.023486817365691692,1
0.049317340022197564,0.6946943599289352,3
0.8373647295076123,0.13243604706595025,1
0.7544048260903375,0.6933211744315495,3
0.014385595106163995,0.9120907476473066,3
0.7572656901870383,0.4223577465348203,2
0.4446705980510606,0.7262334557778545,3
0.5724597898631458,0.1631734389211954,1
0.8683409128736794,0.03873530838866235,1
0.6152131119541595,0.4944090249794133,2
0.3652698254806199,0.5441036951799527,2
0.23455741314665102,0.9034610641236813,3
0.27290255876197445,0.6692209543156542,3
0.6641580543127155,0.5093495178502068,2
0.4698173064686637,0.41441065789675857,2
0.1371998560974168,0.9800609531743798,3
0.6683684453153453,0.41117798713032205,2
0.35624438226342603,0.0751339378310174,1
0.617783654735166,0.6467513023486915,3
0.7248126169555107,0.34489241951952065,2
0.7207186042348708,0.5504595888561916,3
0.13094142875005188,0.5641127772482559,2
0.2401010436562241,0.6860059792545614,3
0.9162511376880673,0.12694791738750055,1
0.760873189947012,0.39139850463971726,2
0.8772703930010903,0.15959145390775564,1
0.7403953480604775,0.2633850766214192,1
0.3424315128213462,0.6656887422187723,3
0.6520508190962844,0.05890835157315455,1
0.33181385202791813,0.17388992579522755,2
0.6012869483300394,0.06412019533085589,1
0.14056799182251312,0.3910402489561027,2
0.24146780853020844,0.26261873907252453,2
0.09904397644413687,0.13695671437939838,2
0.28523890914649974,0.6553247408916192,3
0.5306187644939748,0.5007716685338488,2
0.5916558050221561,0.6636110071822061,3
0.49174507473469253,0.4668729095310027,2
0.4296408268856273,0.9264032421445567,3
0.837730359604091,0.6281095936781325,3
0.1149892609653731,0.14064121762782467,2
0.06762383662684845,0.5798352390597641,2
0.4260690917056964,0.8724329073661166,3
0.03979283345210938,0.4042651636624073,2
0.02567234376416283,0.09845841495964636,2
0.5665942844703942,0.6746330879869058,3
0.045176456261443176,0.5963258910344371,3
0.804585100355278,0.9106300357899331,3
0.06415044041226392,0.14026028351685293,2
0.9008930826982877,0.6094457259076305,3
0.6396096346885434,0.6132315784075903,3
0.08061371206063406,0.38004947261250144,2
0.925200971960972,0.412401255607562,2
0.6512583968582946,0.4266161531868202,2
0.024133370978000945,0.11684958391527234,2
0.4217483720298585,0.41779371919969055,2
0.9353881874129424,0.8489964980655882,3
0.6889540325382726,0.9593097857893096,3
0.23597855608803364,0.8866494167872403,3
0.1870394354587659,0.5545785514835142,2
0.5042526629586022,0.303201353042716,2
0.7041804273720491,0.5109499342806461,2
0.5647869145294415,0.16921899079848934,1
0.7934071701700716,0.11768816227271794,1
0.7356452186550348,0.005098511828716568,1
0.8060288840836527,0.3245744157963837,2
0.6826290256303551,0.07329052827045879,1
0.5143491767691326,0.845815301447822,3
0.5133923976954844,0.26869981143208177,2
0.6688186314498059,0.1792634664082764,1
0.4792291174888943,0.18777911246645185,2
0.5038858030197779,0.4801278835808953,2
0.9745026382193531,0.6027824633204797,3
0.28707429928567296,0.38695615305575926,2
0.17932033752998056,0.18496538379774186,2
0.9482518911174427,0.11931247468351902,1
0.4460825866178193,0.0988382690385643,1
0.9151864895527773,0.6399592930597413,3
0.41556145839702396,0.5521437565506231,2
0.006656039002803649,0.009269282204044105,2
0.6388660778518334,0.2284658364513139,2
0.8692748686253464,0.7495739123442506,3
0.3198802992021381,0.12289808455175621,2
0.1560314066464139,0.4766869218463885,2
0.09543928261831702,0.7542331130412889,3
0.8494868116467404,0.07406592758156338,1
0.7948133865392337,0.07547549548331567,1
0.9501308640851156,0.0705038158208584,1
0.9451002921455427,0.9651430518974828,3
0.3624492061247453,0.26142329303139467,2
0.7739895388446916,0.9318140888765629,3
0.47046271390111793,0.20550376549521476,2
0.1967217359840454,0.44097913820162726,2
0.39693523970287714,0.8471721374873453,3
0.5316794113116361,0.5668974945460163,3
0.9358859807602324,0.3931628561150311,2
0.2467871412219138,0.03328180853885798,2
0.8818347059758127,0.7632688903613314,3
0.5062954036056668,0.05546648094570905,1
0.24019744191245973,0.2384556778851339,2
0.5774477105296827,0.04397596121583591,1
0.9327024616002728,0.8779494410473385,3
0.7405759244348267,0.9020966218648165,3
0.23479360697615093,0.41574912295257516,2
0.10418601832409169,0.5375198805397241,2
0.31022287450759656,0.8844984690146516,3
0.06506477425835722,0.29964644696012344,2
0.6109591927008422,0.5921507256926097,3
0.3740492526810275,0.5762261368770136,3
0.5690195725515588,0.438852012353649,2
0.1348769153528202,0.9159624825048764,3
0.4958020071868581,0.43225272838053064,2
0.9168924897287654,0.053530307804457555,1
0.39352550342677217,0.994465205871593,3
0.36031942496036407,0.3151101724980332,2
0.5640711817050714,0.15117490433624803,1
0.7886010789744755,0.5272108310663159,3
0.23200338672960918,0.06695645802586747,2
0.018632540740508574,0.8464188312661873,3
0.6340263767700371,0.9792418774085079,3
0.518443933457994,0.44671019529662925,2
0.5987005773217733,0.9429134100287262,3
0.7835971171220548,0.5420605525788811,3
0.7206293370467385,0.9365274467786997,3
0.25546765545987893,0.729360962254739,3
0.07309294898427665,0.36067277626098115,2
0.23753191984613165,0.3906014262763269,2
0.4457623439432059,0.7365213675358739,3
0.7267517263501477,0.05435921478185812,1
0.6938324375205625,0.5802210292893393,3
0.5740189115428065,0.11586143087669942,1
0.870207271375784,0.14172416710015945,1
0.5802066070628051,0.5336407335288178,2
0.0029187312249299158,0.13160862609784463,2
0.05863997011981281,0.21071070722094132,2
0.49172540034940937,0.05296416926113845,1
0.46487832357647685,0.009341634362754592,1
0.2149154363221515,0.178542760695654,2
0.3516093001946621,0.09698938594262829,2
0.9742887624017385,0.38280444526192037,1
0.08052886879713994,0.03234034645537753,2
0.13884476416860259,0.6938852214077504,3
0.9868981627120159,0.7815806546907973,3
0.9003391210706397,0.5344211733650244,3
0.6619125050710413,0.5412883414485203,3
0.3536939939970356,0.9834111671592907,3
0.09590432695868834,0.6539433821089871,3
0.6828138885961137,0.32554015051581975,2
0.8647210137689156,0.43722583651984714,2
0.4359674328525962,0.7227460949901128,3
0.7446658563063355,0.18734342007810478,1
0.07366010099436004,0.18877521471090275,2
0.2620752378203359,0.3034705109830711,2
0.14325497984315994,0.14445868070438017,2
0.04329569930311683,0.24061478022602967,2
0.38082399909621034,0.651195983434752,3
0.030566035188395402,0.23587878399224382,2
0.9202953074262288,0.7517414602257748,3
0.4051733522879679,0.9489743156487749,3
0.9830143969375165,0.003412190323610398,1
0.08579018966497554,0.8259237574557516,3
0.33393568903699133,0.9313043148240221,3
0.5072267726867334,0.8413272414585515,3
0.5296017503722277,0.5636491917800774,3
0.3580813607003397,0.012984422583637079,1
0.09390280078278601,0.888453202112464,3
0.023037155257395137,0.44539509118525045,2
0.9446226888914553,0.8224312719179285,3
0.5107187459021008,0.8138369242592776,3
0.310229197600542,0.631027123932542,3
0.8191150170333825,0.6881892706472612,3
0.8018035452179082,0.20466837687078177,1
0.9753832727141318,0.6957845907912565,3
0.43617029731913326,0.3051255986751875,2
0.23022403764015964,0.25870078147284525,2
0.5439922094640695,0.33097667776371464,2
0.4730173171835912,0.38950560990939054,2
0.011156963212045623,0.29202540437166635,2
0.9662014788808768,0.8501572688918118,3
0.8372216104148649,0.9173062404257895,3
0.44060690633897726,0.1672204898220122,2
0.09834023812338777,0.07241182304115501,2
0.5297164398363359,0.329565201175378,2
0.6077392254499896,0.22742138825153657,2
0.783571448580276,0.39456412492743254,2
0.3059493321618212,0.6780574988438142,3
0.3237881576975048,0.8260166041255517,3
0.6441165721416984,0.3400963512349704,2
0.006928173468604415,0.15461039806746468,2
0.44856966795041986,0.11342949001545,1
0.19355790412120388,0.43900140369168095,2
0.6135915059714057,0.5208497950702802,2
0.745529286290924,0.42759781818878806,2
0.9126957717525295,0.817492083134544,3
0.3189150911002503,0.14749904666897717,2
0.780080301913392,0.6921025751664585,3
0.3011306539739267,0.2522196152219389,2
0.9416963972706613,0.9624265378590313,3
0.8014949796168358,0.9181023795439587,3
0.8573224419407068,0.42905468199315755,2
0.6188174592562936,0.7130074645445466,3
0.9160894271550104,0.37309674189492315,2
0.9560161025134455,0.44978096263052203,2
0.661038888203326,0.2571519864405669,2
0.622333014334457,0.17659979870033582,1
0.4943741744756984,0.18210426572439609,2
0.5175441884063174,0.47801136756502904,2
0.39184828416254214,0.6724708039205998,3
0.795065833315558,0.3121302043497878,2
0.2885527931643359,0.6762231389512716,3
0.6565248775653179,0.17415231824250044,1
0.8755287350440621,0.973335154478481,3
0.09195011448043044,0.4189477255326286,2
0.7822794655830785,0.61458788924593,3
0.8521633738222631,0.25838435438485186,1
0.9901009612929712,0.0601847948454326,1
0.23528085087856643,0.33567799008934585,2
0.23933381448002433,0.4739117374334383,2
0.44190410708754024,0.9246478840771146,3
0.27841799353807684,0.6473449588043081,3
0.44541382258317075,0.7827193953645792,3
0.8479967753916142,0.1644649180119202,1
0.14189718544439245,0.4200852794709622,2
0.21654107309464488,0.6693386717745935,3
0.6039169417743422,0.6831491788229209,3
0.45272848508977015,0.5343020814710358,2
0.706989882845299,0.8464379094167069,3
0.9758027232405233,0.8266978905324194,3
0.2302299638587202,0.32105772298424884,2
0.2525520739885676,0.5242087605987011,2
0.05006328005586802,0.6190582586085711,3
0.8773058766805601,0.14561427741824962,1
0.9346873607191541,0.4739347220876746,2
0.0036745050636635135,0.5644705240199535,2
0.3138610400825492,0.09557086350033561,2
0.8809945194409794,0.628813612001109,3
0.43888756055546985,0.5647203258636684,3
0.9661639270952451,0.3287200679199451,1
0.42305754397100137,0.40291675500468793,2
0.09202863731538091,0.9360446078863367,3
0.34163510697810295,0.28504233699368164,2
0.01595591392360096,0.7799646243879552,3
0.35589091224378744,0.5687890893567296,3
0.8633595290045208,0.31212197371067085,1
0.6547151118226868,0.7584569089924913,3
0.5333684992538346,0.9274854101680523,3
0.5838312725427841,0.9554601333515016,3
